text,label
"The hero solved the puzzle with cunning and bravery",adventure
"Mysterious lights flickered above the ancient ruins",mystery
"Quantum circuits danced as the AI composed a new symphony",sci-fi
"Eldritch runes wove spells into the code itself",fantasy
"A single line of code summoned perfect fractals from numbers",mathemagic
"The algorithm whispered secrets of forgotten civilizations",mystery
"Spaceships soared across the binary star system",sci-fi
"A cunning rogue deciphered the ancient programming language",adventure
"Numbers rearranged themselves, revealing hidden messages",mathemagic
